id,created_at,text,length,source,favorites,RT
988099973022736385,2018-04-22 16:59:26,"b""India captain @M_Raj03 on the rapid development of women's cricket across the world \xf0\x9f\x99\x8c\n\nhttps://t.co/Dvzhg2YexL https://t.co/vSV5AnaUuf""",134,TweetDeck,462,35
988039718725210112,2018-04-22 13:00:00,"b""Happy birthday to Nepal's Shakti Gauchan!\n\nWatch him take a brilliant 3/9 against Hong Kong at #WT20 in 2014! https://t.co/3V9gl4laPF""",133,Media Studio,1259,230
987994421617614848,2018-04-22 10:00:00,"b""\xe2\x80\x9cKL looked like a million dollars, and well, Chris is Chris\xe2\x80\x9d\n\n@lionsdenkxip captain @ashwinravi99 can't get enough\xe2\x80\xa6 https://t.co/dMjAZxINfW""",139,TweetDeck,1025,55
987979327559086081,2018-04-22 09:00:02,"b'6,792 international runs\nJoint fastest to 1,000 ODI runs\nICC Cricketer of the Year 2011\n\nHappy birthday to former E\xe2\x80\xa6 https://t.co/tXNe2Kwtlg'",140,TweetDeck,873,52
987964227443970048,2018-04-22 08:00:01,"b'""The team is inexperienced, but we are trying to give it confidence.\xe2\x80\x9d\n\nSarfraz Ahmed gung-ho about Pakistan\'s chanc\xe2\x80\xa6 https://t.co/2laKU27NG9'",140,TweetDeck,836,55
987959656940294144,2018-04-22 07:41:52,b'RT @ICCAcademy: The #ICCAcademy welcomed @CricketBermuda on Saturday for what was the beginning of 3 days of training and practice matches\xe2\x80\xa6',139,TweetDeck,0,11
987949124778647552,2018-04-22 07:00:01,b'Happy 52nd birthday to ICC Elite Umpire Sundaram Ravi! https://t.co/aJviZZTVfU',78,TweetDeck,1395,60
987934005948571649,2018-04-22 05:59:56,"b'AB IS BACK!\n\n""Some of the nights you see the ball well"" - and what a night it was! \n\n@ABdeVilliers17\'s thoughts on\xe2\x80\xa6 https://t.co/p5BItuJzUo'",139,Twitter Web Client,3487,300
987918923881504768,2018-04-22 05:00:00,"b""Happy birthday to Ranjan Madugalle! \n\nThe top scorer in Sri Lanka's maiden Test innings, he has since become the mo\xe2\x80\xa6 https://t.co/pZTrkL1jYn""",140,TweetDeck,736,59
987888727698690049,2018-04-22 03:00:01,"b""He took Nepal's first ever international hat-trick and scored their second ever century - happy 34th birthday to al\xe2\x80\xa6 https://t.co/BEj5UrqLk1""",140,TweetDeck,4748,658
987858529095741445,2018-04-22 01:00:01,"b""Happy 19th birthday to New Zealand U19s star Finn Allen!\n\nHe started this year's #U19CWC with a bang, with a match-\xe2\x80\xa6 https://t.co/LJvAnpOxp5""",140,Media Studio,903,48
987767931378352128,2018-04-21 19:00:01,b'Ghana beat Nigeria to finish top of the table at #WT20 Africa Qualifier A!\n\nREAD \xe2\x9e\xa1\xef\xb8\x8f https://t.co/IpwaHlub4c https://t.co/9bNAnc6fgs',131,TweetDeck,618,29
987738073000800258,2018-04-21 17:01:22,"b""Her ability to put it on a postage stamp time and again has made her one of India Women's greatest-ever cricketers.\xe2\x80\xa6 https://t.co/rxlj8lZPW3""",140,TweetDeck,1511,111
987632032388976640,2018-04-21 10:00:00,"b""Pakistan have picked five uncapped players in their Test squad for England and Ireland. \n\nHere's how\xe2\x80\xa6 https://t.co/PNvULTAkQF""",125,TweetDeck,868,63
987616937386631169,2018-04-21 09:00:01,"b'\xe2\x80\x9cThe kind of ODI team we have, we are favourites to win the 2019 World Cup.""\n\nDo you agree with @virendersehwag\'s p\xe2\x80\xa6 https://t.co/tb98WvQdZU'",140,TweetDeck,2413,165
987601835098767360,2018-04-21 08:00:00,"b'ICYMI: ""The Netherlands have got a fantastic bunch of guys. I will be following these boys closely and I reckon the\xe2\x80\xa6 https://t.co/KQnVhXxmxD'",140,TweetDeck,396,18
987586735021359104,2018-04-21 07:00:00,b'What a #countychampionship debut for @MattRenshaw449! \xf0\x9f\x8f\x8f\n\nHe explains how his experiences of spicy tracks at the Gab\xe2\x80\xa6 https://t.co/9koQUIX3P9',140,TweetDeck,391,23
987571567877066752,2018-04-21 05:59:44,"b'""If it\xe2\x80\x99s improving the standard of the county game, then so be it.""\n\nChris Woakes sees the long-term benefits of Vi\xe2\x80\xa6 https://t.co/VRUf9F8uS3'",140,Twitter Web Client,880,52
987556534052794369,2018-04-21 05:00:00,"b'A team-mate, a Pakistan legend, a South Africa great and a Blackcaps hero. \n\nWho did @trent_boult pick in his dream\xe2\x80\xa6 https://t.co/eCdHKMX1sP'",140,Media Studio,1355,106
987541412030787589,2018-04-21 03:59:54,"b'In their quest for #WT20 2020, Kuwait, UAE and Saudi Arabia register wins in their opening encounters of #WT20 Asia\xe2\x80\xa6 https://t.co/wxoK8Q4IlV'",140,Twitter Web Client,482,22
987526342014054400,2018-04-21 03:00:01,"b'Happy birthday to the Sri Lanka Test opener who scored 1,031 runs in 2017, including a brilliant 196 against Pakist\xe2\x80\xa6 https://t.co/4vzHsuAOSm'",140,TweetDeck,1199,60
987496138529038337,2018-04-21 01:00:00,"b'He took 157 Test wickets for India, captained them at the first two editions of the @cricketworldcup and later beca\xe2\x80\xa6 https://t.co/Y09CkhGqoH'",140,TweetDeck,1571,75
987435738059849729,2018-04-20 21:00:00,"b'Outgoing Netherlands captain @dutchiepdb has given his backing to his successor, @seelaar8.\n\nIs the future bright f\xe2\x80\xa6 https://t.co/1NERjwq10L'",140,TweetDeck,242,12
987405547233198080,2018-04-20 19:00:02,"b""ICYMI, @virendersehwag 'saved the IPL' by picking up @henrygayle! \n\nhttps://t.co/sCOaRKmTsG https://t.co/KnPPa5Hubo""",115,TweetDeck,1515,76
987385407095689216,2018-04-20 17:40:00,"b'\xe2\x80\x9cPlaying county cricket will help me improve my game.""\n\nWill @imVkohli be travelling to England early this summer?\xe2\x80\xa6 https://t.co/GugAG9bshL'",139,TweetDeck,1910,85
987367792843284485,2018-04-20 16:30:00,b'\xf0\x9f\x92\x95 @msdhoni \xf0\x9f\x98\x8d\n\n#CSKvRR #IPL2018 https://t.co/j2t5Scuwzs',54,TweetDeck,13932,1798
987359745068748800,2018-04-20 15:58:02,"b""He has two centuries for @rajasthanroyals - now he's scored one against them for @ChennaiIPL! \xf0\x9f\x92\xaf \n\nCongratulations t\xe2\x80\xa6 https://t.co/cgsdEZU4A5""",140,TweetDeck,5172,495
987345148655931398,2018-04-20 15:00:02,"b""Boom boom! \xf0\x9f\x92\xa5 @SAfridiOfficial is part of the ICC World XI who will take on West Indies at Lord's next month in aid\xe2\x80\xa6 https://t.co/rA7FuchSY3""",139,Media Studio,1698,294
987335075309080576,2018-04-20 14:20:00,b'A rare sight - sizzling sun for early season @CountyChamp cricket in England! \xe2\x98\x80\xef\xb8\x8f https://t.co/3lxAayaZBB',104,TweetDeck,619,48
987325008958644224,2018-04-20 13:40:00,b'The ECB have appointed @edsmithwriter as their new national selector as they look to revamp their selection process\xe2\x80\xa6 https://t.co/uP4DwcJfah',140,TweetDeck,251,15
987314944818515969,2018-04-20 13:00:00,b'Yesterday @henrygayle hit his 21st T20 century - three times more than any other player! Turn back time to his firs\xe2\x80\xa6 https://t.co/WrHdUQZlVF',140,Media Studio,1750,192
987295923335294976,2018-04-20 11:44:25,"b'""There\'s nothing more certain in life than change. Having a new captain is a good idea and it maybe would be diffic\xe2\x80\xa6 https://t.co/Nfollcbwcf'",140,TweetDeck,329,16
987268515836104705,2018-04-20 09:55:31,"b'ICYMI, yesterday the ECB proposed a new 100-ball format for their upcoming new domestic competition, and it has cer\xe2\x80\xa6 https://t.co/ojF1PbnAFs'",140,TweetDeck,532,20
987249511088164864,2018-04-20 08:40:00,b'62 teams\n12 regional groups\n1 destination - World Twenty20! \n\nPresenting the full regional qualification groups for\xe2\x80\xa6 https://t.co/zrCqIJE16t',140,TweetDeck,1129,171
987238655826722816,2018-04-20 07:56:52,"b'The #WT20 Asia Qualifier A has kicked off today, with hosts Kuwait, Bahrain, Maldives, Qatar, Saudi Arabia and UAE\xe2\x80\xa6 https://t.co/K2Fao7bY0c'",139,TweetDeck,712,47
987224347852070912,2018-04-20 07:00:00,"b'Happy birthday to @GFoxyFowler, an England batsman who played 21 Tests and 26 ODIs, his best innings a fantastic 20\xe2\x80\xa6 https://t.co/SKRyZHGbdA'",140,TweetDeck,504,29
987209249599045632,2018-04-20 06:00:01,"b'""You need to be able to deceive batsmen.""\n\nChris Woakes explains what it takes to bowl at the death.\xe2\x80\xa6 https://t.co/EnNAFybgFk'",125,TweetDeck,914,40
987192604847722497,2018-04-20 04:53:52,"b'""Let bowlers know who\xe2\x80\x99s in charge!""\n\n@henrygayle is riding high after another T20 \xf0\x9f\x92\xaf. Watch out for him in\xe2\x80\xa6 https://t.co/1DebrbdrCG'",130,TweetDeck,2964,141
987163947244515328,2018-04-20 03:00:00,"b""Sri Lanka's @PereraThisara will be part of the ICC World XI taking on West Indies at Lord's in aid of hurricane rel\xe2\x80\xa6 https://t.co/SMyn6akCbX""",140,Media Studio,982,95
987133757458071552,2018-04-20 01:00:02,"b'#OnThisDay in 1994, @InziTheLegend and Aamer Sohail made a 263 run partnership for Pakistan against New Zealand in\xe2\x80\xa6 https://t.co/Co7Bwr6DBD'",139,TweetDeck,1268,114
987090037442514950,2018-04-19 22:06:18,"b'Ghana secured their place in the regional finals, while Nigeria squeezed home against Sierra Leone on the 4th day o\xe2\x80\xa6 https://t.co/6i3x5KE2XB'",140,TweetDeck,271,12
987043151889100800,2018-04-19 19:00:00,"b""There have been 427 'one Test wonders' - which of them stand out as the most successful in their time in the spotli\xe2\x80\xa6 https://t.co/zR8PD42PnI""",140,TweetDeck,548,27
987016551105744897,2018-04-19 17:14:18,b'RT @westindies: When the Universe Boss @henrygayle found out that @SAfridiOfficial is playing for the @ICC World XI vs the WINDIES in the H\xe2\x80\xa6',140,Twitter for Android,0,193
987012954896740352,2018-04-19 17:00:00,"b'""To be playing alongside so many top players from different countries will definitely be a high point of my career.\xe2\x80\xa6 https://t.co/JAHvATeiu2'",140,TweetDeck,431,28
987003979770015745,2018-04-19 16:24:21,b'The universe boss smashes the first century of #IPL2018! Congratulations @henrygayle \xf0\x9f\x91\x8f https://t.co/mjxDBBGVrK',110,TweetDeck,11129,927
986997865120653312,2018-04-19 16:00:03,"b""Following @dutchiepdb's retirement from international cricket, on #ThrowbackThursday we go back to @KNCBcricket's m\xe2\x80\xa6 https://t.co/2C1Qj6zM3l""",140,Media Studio,361,45
986978980153778176,2018-04-19 14:45:00,b'India captain @imvKohli has re-iterated his desire to play in the @CountyChamp to prepare for the Test series again\xe2\x80\xa6 https://t.co/XiHEjAvarz',140,TweetDeck,1762,169
986965009044594689,2018-04-19 13:49:29,b'The ECB have proposed a radical new 100-balls-a-side format for their new domestic limited-overs competition due to\xe2\x80\xa6 https://t.co/cmQzpzVKJr',140,TweetDeck,560,45
986952562770247680,2018-04-19 13:00:02,"b""With @SAfridiOfficial and @realshoaibmalik announced to be part of the ICC World XI at Lord's next month, throwback\xe2\x80\xa6 https://t.co/VQRRBUJCbe""",140,Media Studio,4996,1060
986938767679348736,2018-04-19 12:05:13,"b'\xe2\x80\x9cThat the match is being played at Lord\xe2\x80\x99s makes this event extra special for me.""\n\n@realshoaibmalik is returning to\xe2\x80\xa6 https://t.co/HkKviO4iKc'",140,TweetDeck,1348,147
986921097411969024,2018-04-19 10:55:00,"b'#OnThisDay in 2009, Afghanistan won their first ever ODI, beating Scotland in a 5th place play-off at the\xe2\x80\xa6 https://t.co/v0nVX0YPZP'",130,TweetDeck,1260,103
986907759739256832,2018-04-19 10:02:00,"b'""Any guy with half a cricket eye would have known that he was going to be a great player.""\n\n@Gary_Kirsten, who is w\xe2\x80\xa6 https://t.co/Mh2P6KQBTy'",140,TweetDeck,1360,108
986900349968617472,2018-04-19 09:32:33,"b'\xe2\x80\x9cI am humbled to have been selected for such a noble cause""\n\n@SAfridiOfficial is joining the ICC World XI to face W\xe2\x80\xa6 https://t.co/StkaQPeuEJ'",140,TweetDeck,3972,654
986892287274823681,2018-04-19 09:00:31,"b'BREAKING: @SAfridiOfficial, @realshoaibmalik and @PereraThisara join @Eoin16 in the ICC World XI to face West Indie\xe2\x80\xa6 https://t.co/F53UgGoEWa'",140,TweetDeck,2975,452
986877470686167040,2018-04-19 08:01:38,"b'""Steve (Smith) was keen for the team to start playing a different style"" - Tim Paine.\n\nRead more from the \xf0\x9f\x87\xa6\xf0\x9f\x87\xba Austra\xe2\x80\xa6 https://t.co/0FKhMP1Vli'",140,Twitter Web Client,995,36
986861961466994688,2018-04-19 07:00:01,"b'With 189 wickets in 27 Tests at an average of just 16.43, he is regarded as one of the finest bowlers of all time.\xe2\x80\xa6 https://t.co/eNxPhWGWvX'",139,TweetDeck,500,50
986848095961997312,2018-04-19 06:04:55,"b""The superstar umpire was born #OnThisDay in 1933. \n\nHarold 'Dickie' Bird had a middling career as a cricketer with\xe2\x80\xa6 https://t.co/dYtX6eJXTv""",139,Twitter Web Client,850,71
986845817565732864,2018-04-19 05:55:52,"b'The first player to cross the 10,000-run mark in the Plunket Shield, former @BLACKCAPS Test and ODI opener Michael\xe2\x80\xa6 https://t.co/5E8u5fZB7A'",139,Twitter Web Client,449,27
986831758934138880,2018-04-19 05:00:00,"b'Bangladesh have reduced the number of players to receive central contracts, with only 10 players making the cut for\xe2\x80\xa6 https://t.co/CWorzdJ1Dq'",140,TweetDeck,552,29
986813148727468033,2018-04-19 03:46:03,"b'After taking 210 international wickets for Australia and winning the @cricketworldcup in 1999, he has since become\xe2\x80\xa6 https://t.co/YksAfwyTEY'",139,Twitter Web Client,1067,56
986801559798415360,2018-04-19 03:00:00,"b'ICYMI, the PCB are planning a refurbishment of the Pindi Cricket Stadium with the aim of international and PSL matc\xe2\x80\xa6 https://t.co/tnEPDcuNAT'",140,TweetDeck,641,68
986771365993705472,2018-04-19 01:00:01,"b'A fast bowler who took 402 international wickets for Australia, he famously hit 201* in his final Test against Bang\xe2\x80\xa6 https://t.co/HqjEKWqCCC'",140,TweetDeck,1764,142
986696619566489601,2018-04-18 20:03:00,b'The @BCBtigers have announced their list of 10 centrally contracted players for 2018. Reduced from 16 last year\n\nRe\xe2\x80\xa6 https://t.co/liWQLkBVa9',140,TweetDeck,344,26
986691293656035328,2018-04-18 19:41:50,b'RT @KNCBcricket: BREAKING:\nKNCB has announced that the captain of the Dutch cricket team Peter Borren will retire from international cricke\xe2\x80\xa6',140,Twitter for Android,0,106
986691083143966722,2018-04-18 19:41:00,b'Long-standing captain of @KNCBcricket Peter Borren is retiring from international cricket \n\nFull story \xe2\x9e\xa1\xef\xb8\x8f\xe2\x80\xa6 https://t.co/tPuHlBSgSS',130,TweetDeck,382,22
986680774370836485,2018-04-18 19:00:02,"b""Scotland have a new women's captain - @Kathryn_Bryce! \xf0\x9f\x8f\xb4\xf3\xa0\x81\xa7\xf3\xa0\x81\xa2\xf3\xa0\x81\xb3\xf3\xa0\x81\xa3\xf3\xa0\x81\xb4\xf3\xa0\x81\xbf\n\nHere's one thing she's bringing to the role - her ce\xe2\x80\xa6 https://t.co/DmFODHIWqn""",140,Media Studio,398,31
986665683315503104,2018-04-18 18:00:04,b'Yesterday @westindies announced their squad for the hurricane relief T20I against an ICC World XI at the\xe2\x80\xa6 https://t.co/LWdNh5W7d4',129,Media Studio,354,27
986651068493840384,2018-04-18 17:02:00,"b'Happy 10th birthday to the @IPL! \xf0\x9f\x8e\x82\n\nTo celebrate, we take a look back at 10 of the most thrilling moments of the pa\xe2\x80\xa6 https://t.co/U5dhjeR5cA'",140,TweetDeck,3470,281
986635484993646593,2018-04-18 16:00:05,b'Happy birthday to @klrahul11! Did you know he shares the record for the most consecutive Test fifties?\n\nSir Everton\xe2\x80\xa6 https://t.co/Fn1lBjwYxP',140,TweetDeck,1975,147
986620368164077569,2018-04-18 15:00:00,"b'A former West Indies all-rounder who played 169 international matches, after eight years with Ireland he coached Wi\xe2\x80\xa6 https://t.co/MYALabO5ll'",140,TweetDeck,402,24
986604009048944641,2018-04-18 13:55:00,"b""Nepal's @paras77 - inspiring the next generation of youngsters to pick up whatever they can to play cricket! \xf0\x9f\x87\xb3\xf0\x9f\x87\xb5\xe2\x80\xa6 https://t.co/XolyctP2BF""",136,TweetDeck,2950,865
986599480014376960,2018-04-18 13:37:00,b'\xf0\x9f\x99\x8b https://t.co/n2HzcY1Smx',25,TweetDeck,363,23
986590176829833217,2018-04-18 13:00:02,"b'One of the finest pace bowlers of all time, he claimed 376 Test wickets and 157 in ODIs for the West Indies.\xe2\x80\xa6 https://t.co/RHTIu7NsRY'",133,TweetDeck,814,87
986584391433453573,2018-04-18 12:37:03,"b""Congratulations to @Kathryn_Bryce who has been named Scotland Women's new captain! @WildcatsCricket \xf0\x9f\x8f\xb4\xf3\xa0\x81\xa7\xf3\xa0\x81\xa2\xf3\xa0\x81\xb3\xf3\xa0\x81\xa3\xf3\xa0\x81\xb4\xf3\xa0\x81\xbf\xe2\x80\xa6 https://t.co/oLMVpcNPw7""",132,TweetDeck,384,27
986559212653182976,2018-04-18 10:57:00,b'England opener @mark23stone is keen to pick the brains of new Surrey team-mate @deanelgar as he looks to improve on\xe2\x80\xa6 https://t.co/DpmxOTNBwq',140,TweetDeck,372,20
986544880695562241,2018-04-18 10:00:03,"b""766 minutes\n538 balls\n45 fours\n375 runs!\n\n#OnThisDay in 1994, @BrianLara broke Sir Garfield Sobers' record for the\xe2\x80\xa6 https://t.co/P5hZkgH4Z8""",139,TweetDeck,1758,218
986530866372530176,2018-04-18 09:04:22,"b'Cricket Australia have dismissed speculation that they have hired Justin Langer as their new head coach, re-affirmi\xe2\x80\xa6 https://t.co/PMngSYyW8T'",140,TweetDeck,544,41
986520097668902912,2018-04-18 08:21:34,b'RCB coach Trent Woodhill has hailed @ABdeVilliers17 and @imVkohli as the @rogerfederer and @RafaelNadal of cricket.\xe2\x80\xa6 https://t.co/5p1aR8ZPKA',140,TweetDeck,4124,398
986481947458330624,2018-04-18 05:49:58,"b'Eoin Morgan keen to return to red-ball cricket. ""It helps my technique. The most vulnerable part of your batting is\xe2\x80\xa6 https://t.co/gdlqceU0oc'",140,TweetDeck,796,45
986469371647148032,2018-04-18 05:00:00,"b'#OnThisDay in 1992, South Africa began their first Test in 22 years against West Indies in Barbados. \n\nThe hosts wo\xe2\x80\xa6 https://t.co/nMhFFw8udB'",140,TweetDeck,690,54
986467300701327360,2018-04-18 04:51:46,b'ICYMI!\n\nWindies announced their squad for their T20I charity match against an ICC World XI at the @HomeOfCricket on\xe2\x80\xa6 https://t.co/GlANYjrPk8',140,TweetDeck,485,30
986439171559567363,2018-04-18 03:00:00,"b""He's one of three Indians to have scored a century in all three international formats, and was the first Indian to\xe2\x80\xa6 https://t.co/UZ2KVnQNsg""",139,TweetDeck,9334,643
986426050195443713,2018-04-18 02:07:51,"b""ICYMI!\n\nNic Pothas has stepped down as Sri Lanka's fielding consultant after almost two years in the role, which in\xe2\x80\xa6 https://t.co/Hl1qr6u34A""",140,TweetDeck,350,20
986408983006150662,2018-04-18 01:00:02,"b'#OnThisDay in 2017, @henrygayle became the first player to reach 10,000 runs in Twenty20 matches!\n\n7472 of those ca\xe2\x80\xa6 https://t.co/085QNJj18e'",140,TweetDeck,2180,168
986379026569674752,2018-04-17 23:01:00,b'She has 76 international wickets for New Zealand - happy birthday to leg-spinner Erin Bermingham! https://t.co/f7ls6Gz86F',121,TweetDeck,459,16
986354790107099136,2018-04-17 21:24:42,"b'Ghana claimed pole position at the #WT20 2020 Africa Qualifier A on Tuesday, beating hosts Nigeria with a ball spar\xe2\x80\xa6 https://t.co/YekYDe3HNp'",140,TweetDeck,274,20
986318380901650437,2018-04-17 19:00:01,"b""West Indies' big guns are getting ready to face a star-studded ICC World XI next month in a T20I in aid of hurrican\xe2\x80\xa6 https://t.co/YRbMflDEr0""",140,Media Studio,498,37
986288177089400834,2018-04-17 17:00:00,b'Earlier @westindies announced their squad for their match against an ICC World XI at the @HomeOfCricket in aid of c\xe2\x80\xa6 https://t.co/OJVvsDEtSw',140,TweetDeck,410,31
986268547385929728,2018-04-17 15:42:00,"b'On his birthday, watch the moment Muttiah Muralitharan\xe2\x80\x8b became the first Sri Lanka\xe2\x80\x8b player to be inducted in the IC\xe2\x80\xa6 https://t.co/YIdTaskGVj'",140,Media Studio,2335,196
986250428009603072,2018-04-17 14:30:00,"b""Nic Pothas has stepped down from his role as Sri Lanka's fielding consultant, after almost two years in the role wh\xe2\x80\xa6 https://t.co/Z0GpXr4WVY""",140,TweetDeck,420,22
986237845303169024,2018-04-17 13:40:00,"b'""We\xe2\x80\x99ve slacked off in the past two years but knowing how close we were gives you that desire to get back there.\xe2\x80\x9d\xe2\x80\xa6 https://t.co/TqP1TKXarl'",137,TweetDeck,300,17
986227794467278848,2018-04-17 13:00:04,b'#ShotOfTheDay https://t.co/qhU4e1sg5D',37,TweetDeck,4300,392
986208905402486785,2018-04-17 11:45:00,"b'The PCB are planning a refurbishment of the Pindi Cricket Stadium, with approx $8.6m USD to be spent to prepare it\xe2\x80\xa6 https://t.co/AdiQvuRLkP'",139,TweetDeck,1607,263
986196135512543233,2018-04-17 10:54:16,"b""Jonty Rhodes called him the 'father of fielding' - Colin Bland, who played 21 Tests for South Africa between 1961 a\xe2\x80\xa6 https://t.co/IoJKUQ4SPK""",140,TweetDeck,569,53
986183256449142784,2018-04-17 10:03:05,b'West Indies have announced their squad for their T20I charity match against an ICC World XI at the @HomeOfCricket o\xe2\x80\xa6 https://t.co/funJf51gtC',140,TweetDeck,1143,86
986176267920855041,2018-04-17 09:35:19,b'RT @Gibraltar_Crick: What a glorious day of Cricket down at the Victoria Stadium for our Inter School Festival! No better backdrop that the\xe2\x80\xa6',140,Twitter for Android,0,28
986162466504757249,2018-04-17 08:40:28,"b'Suzie Bates thrilled to be compared to Debbie Hockley, as the White Ferns captain approaches her record for the mos\xe2\x80\xa6 https://t.co/rZ97mooeDd'",140,TweetDeck,454,22
986133945266982912,2018-04-17 06:47:08,"b""#OnTheUp: There was #IPL2018 excitement, #CountyCricket enticement and a lot of non-cricketing enjoyment!\n\nHere's w\xe2\x80\xa6 https://t.co/ZJFm2U3ZGL""",140,Twitter Web Client,585,15
986125553181671425,2018-04-17 06:13:47,"b'\xe2\x80\x9cI went up to Faf and said, \xe2\x80\x98Listen, is this international Test match cricket?\xe2\x80\x99"" \n\nFor @AidzMarkram, the #SAvAUS se\xe2\x80\xa6 https://t.co/K5zvAwAp4y'",140,Twitter Web Client,748,36
986076783870128130,2018-04-17 03:00:00,b'800 Test wickets. \n534 ODI wickets.\nThe most prolific bowler in international cricket history.\n\nHappy birthday to S\xe2\x80\xa6 https://t.co/5oWzS4Slwd',140,TweetDeck,7788,786
986046592833736705,2018-04-17 01:00:02,"b""ICYMI, @mandhana_smriti is up to a career high fourth in the @MRFWorldwide ICC Women's ODI Batting Rankings!\n\nRead\xe2\x80\xa6 https://t.co/zL7R4vopgu""",139,TweetDeck,712,44
986016638138048512,2018-04-16 23:01:00,"b'In 87 ODIs he scored 2,717 runs for New Zealand, and for a period in 2000/01 was the third-ranked batsman in the\xe2\x80\xa6 https://t.co/KY9LffGvX5'",137,TweetDeck,672,32
985986190695370752,2018-04-16 21:00:01,"b""Hey @usacricket fans! Did you know you can become a USA Cricket Member? Best thing is, it's absolutely FREE! \xf0\x9f\x87\xba\xf0\x9f\x87\xb8\n\nJo\xe2\x80\xa6 https://t.co/LCmtRlPGZe""",140,Media Studio,236,22
985956002817282048,2018-04-16 19:00:03,"b'#OnThisDay in 1878, Tip Foster was born. The only man to captain England in both cricket and football, he holds the\xe2\x80\xa6 https://t.co/2nMjiVKGTi'",140,TweetDeck,819,92
985925790003900418,2018-04-16 17:00:00,"b'With major international cricket on a break, take a look at which global stars have been lighting up the first week\xe2\x80\xa6 https://t.co/F00XkoQbyv'",140,TweetDeck,1775,90
985903148903514113,2018-04-16 15:30:02,b'Nigeria and Ghana each made it two wins from two yesterday at the #WT20 2020 Africa Qualifier A with victories agai\xe2\x80\xa6 https://t.co/YoMYEy32Ui',140,TweetDeck,437,33
985877974003191809,2018-04-16 13:50:00,"b""\xf0\x9f\x91\x9f @DJBravo47 - champion dancer, top all-rounder... @henrygayle's personal shoe fitter!  #ShotOfTheDay https://t.co/RRBjbhx5EG""",125,TweetDeck,5885,321
985863220782161922,2018-04-16 12:51:22,b'What do you make of the Pakistan Test squad to face Ireland and England next month?\n\nhttps://t.co/jUkkkh8n0q https://t.co/KN9NnLB7xW',132,TweetDeck,981,73
985838966892122113,2018-04-16 11:15:00,"b'Remember when @ShaneWarne bungled a catch of Javagal Srinath in 1999, denying @bowlologist a second Test hat-trick?\xe2\x80\xa6 https://t.co/eeaR6LnxrP'",140,Media Studio,487,27
985818834572664832,2018-04-16 09:55:00,"b""The magic of Mujeeb! \n\nAfghanistan's mystery spinner is just 17 years old, but already has some of the biggest name\xe2\x80\xa6 https://t.co/DnXhowQJbA""",140,TweetDeck,1457,87
985802555111477248,2018-04-16 08:50:19,"b'""England are an explosive T20 side""\n\n@imVkohli talks about the influx of Englishmen into the IPL, hailing them as s\xe2\x80\xa6 https://t.co/bibAPIFLDq'",140,TweetDeck,3052,156
985776926043398144,2018-04-16 07:08:28,"b""Williamson and Dhawan fill in for Warner, Russell's 11 sixes, and a few broken records.\n\nHere\xe2\x80\x99s a ready reckoner fo\xe2\x80\xa6 https://t.co/Gb1gLkOsLQ""",140,TweetDeck,988,66
985763106960957440,2018-04-16 06:13:33,"b""In Lord's in 1966, David Holford saved the Test by adding 274 for the sixth wicket with his cousin Garry Sobers. Th\xe2\x80\xa6 https://t.co/KkIehUS0be""",140,TweetDeck,768,50
985735829480976390,2018-04-16 04:25:10,"b'Gayle and Dhoni are turning back the clock!\n\nBetween them, they scored 142 runs off just 77 balls on Sunday! \n\nWhic\xe2\x80\xa6 https://t.co/O8s7Hsp2sH'",140,TweetDeck,4041,227
985707327163596800,2018-04-16 02:31:55,"b""ICYMI! \n\nIn the latest @MRFWorldwide Women's ODI Rankings, India's @mandhana_smriti has stormed into the top five b\xe2\x80\xa6 https://t.co/FUYCUM9ZE3""",140,TweetDeck,2690,169
985664462056316931,2018-04-15 23:41:35,"b'ICYMI! \n\nWith several places in Australia\xe2\x80\x99s Test batting line-up seemingly up for grabs, Aaron Finch demonstrates w\xe2\x80\xa6 https://t.co/2TtC1Brx5c'",140,TweetDeck,722,26
985556310690291712,2018-04-15 16:31:49,"b'Catch up on the action from Day 1 of the ICC World T20 Africa Qualifier A, as Nigeria and Ghana enjoyed strong star\xe2\x80\xa6 https://t.co/CjWMJLY9Tb'",140,TweetDeck,418,21
985555854358392832,2018-04-15 16:30:01,"b""ICYMI: Pakistan have selected five uncapped players for next month's Test tour of Ireland and England \n\nREAD \xe2\x9e\xa1\xef\xb8\x8f\xe2\x80\xa6 https://t.co/qWguvlGuEL""",136,TweetDeck,1896,119
985496134607974401,2018-04-15 12:32:42,"b""Plenty of fresh faces in Pakistan's Test squad for Ireland and England. \n\nREAD \xe2\x9e\xa1\xef\xb8\x8f https://t.co/jUkkkhpXRY https://t.co/FNojcjdfQp""",129,Twitter Web Client,1619,68
985414645300117504,2018-04-15 07:08:54,"b'RANKINGS REWIND \xe2\x8f\xaa\n\nIn our latest chapter, we look back at this month in 1996, where the Windies players took \xf0\x9f\x94\x9d spot\xe2\x80\xa6 https://t.co/0kTvA9tmQz'",140,Twitter Web Client,741,23
985373902821122048,2018-04-15 04:27:00,"b""ICYMI: In the latest @MRFWorldwide Women's ODI Rankings, India's @mandhana_smriti has stormed into the top five bat\xe2\x80\xa6 https://t.co/1v9qrUiXv1""",140,Twitter Web Client,1319,82
985313209182810112,2018-04-15 00:25:49,"b'ICYMI: With several places in Australia\xe2\x80\x99s Test batting line-up seemingly up for grabs, @AaronFinch5 demonstrates wh\xe2\x80\xa6 https://t.co/KPUCK786JW'",140,Twitter Web Client,579,21
985231212808634370,2018-04-14 19:00:00,"b""WHAT A CATCH! On @Meergoose11's birthday, we revisit this stunner against South Africa at #WT20 in 2009! \xf0\x9f\x99\x8c https://t.co/AI1xw700pa""",130,Media Studio,1549,148
985201519309066240,2018-04-14 17:02:01,b'India have never won a Test series in Australia.\n\nFind out why Ian Chappell thinks  this could be the year that cha\xe2\x80\xa6 https://t.co/oqfyqMY2dx',140,TweetDeck,1221,65
985170827946504192,2018-04-14 15:00:03,b'Happy birthday to Scotland captain @Meergoose11! He holds the record for the highest score by an associate nation b\xe2\x80\xa6 https://t.co/7cgs3HayzW',140,Media Studio,711,43
985140633382805510,2018-04-14 13:00:04,b'Only eight men have taken a hat-trick at the @cricketworldcup - the latest to do so celebrates his birthday today!\xe2\x80\xa6 https://t.co/ynHtGfnwe0',139,Media Studio,1439,133
985110416559763458,2018-04-14 11:00:00,"b""3 overs. \n6 runs. \n5 wickets! \n\nOne of the greatest bowling spells in #WT20 history!\n\nOn @mdk_gul's birthday, watch\xe2\x80\xa6 https://t.co/jksEzAcbeQ""",140,Media Studio,5014,999
985080218896519169,2018-04-14 09:00:00,"b""A South Africa off-spinner who played 20 Tests and 80 ODIs, he's one of just four men to score a century batting at\xe2\x80\xa6 https://t.co/ekiPRvJiXT""",140,TweetDeck,638,36
985050026572365824,2018-04-14 07:00:02,"b""He's Scotland's talisman and captain, their record run-scorer in ODIs and T20Is and holds the record for the highes\xe2\x80\xa6 https://t.co/uFHkNxUyb2""",140,TweetDeck,559,31
985029855044448257,2018-04-14 05:39:53,"b""Afghanistan's young spin sensation is going places! \xf0\x9f\x91\x80\n\nFrom making a mark in the #U19CWC to snaring Virat Kohli in\xe2\x80\xa6 https://t.co/3sDxsqnr2o""",139,Twitter Web Client,1383,114
985019821329969154,2018-04-14 05:00:00,"b""He's South Africa's record run-scorer in T20Is and is one of eight players to take a hat-trick at the\xe2\x80\xa6 https://t.co/C274GG1yPT""",126,TweetDeck,2348,142
984989621166792704,2018-04-14 03:00:00,"b""The leading wicket taker at #WT20 in 2007 and 2009, he's the third-highest wicket taker in T20Is with a brilliant b\xe2\x80\xa6 https://t.co/CW1KRHhp61""",140,TweetDeck,4839,558
984959424287485952,2018-04-14 01:00:01,"b""With 291 Test wickets and 203 in ODIs, he was one of Australia's top fast bowlers in the 1980s and 90s. \n\nHappy bir\xe2\x80\xa6 https://t.co/Gwxnsy1nh6""",140,TweetDeck,403,33
984944323706802176,2018-04-14 00:00:00,"b'#OnThisDay in 1870, Syd Gregory was born. He played 58 Tests for Australia, 52 of them against England - the most A\xe2\x80\xa6 https://t.co/V1czRKht1C'",140,TweetDeck,277,20
984929474578976770,2018-04-13 23:01:00,"b""His 16/137 for Australia against England at Lord's in 1972 were the best figures by a bowler on Test debut until Na\xe2\x80\xa6 https://t.co/5w2l9c8DzV""",140,TweetDeck,375,20
984899028688125952,2018-04-13 21:00:01,"b'With Smith, Warner and Bancroft out, who has gained an Australia national contract for 2018/19?\xe2\x80\xa6 https://t.co/je36oxHhjp'",120,TweetDeck,527,23
984868322796867584,2018-04-13 18:58:00,"b'The journey towards #WT20 2020 begins for four African sides tomorrow, with Nigeria, Sierra Leone, Ghana and The Ga\xe2\x80\xa6 https://t.co/nJ1Hi05hvz'",140,TweetDeck,690,61
984838643851382787,2018-04-13 17:00:04,"b""The moment Pakistan got one hand on the ICC Champions Trophy! \xf0\x9f\x8f\x86\n\nTo celebrate @iamamirofficial's birthday, revisit\xe2\x80\xa6 https://t.co/9mijX8L55r""",139,Media Studio,8847,2108
984838494135685125,2018-04-13 16:59:29,"b""After getting @henrygayle twice at #CWCQ, Afghanistan's Mujeeb Ur Rahman has added @imVkohli to his victims list!\xe2\x80\xa6 https://t.co/mz8Fy2ExX5""",138,TweetDeck,2748,246
984815429851013121,2018-04-13 15:27:50,"b""He's only faced the white ball for so far for Australia, but @AaronFinch5 isn't giving up on his dream of playing T\xe2\x80\xa6 https://t.co/pAugcxKoQC""",140,TweetDeck,894,31
984786564797620224,2018-04-13 13:33:08,"b""Deepti Sharma is now the third-ranked ODI all-rounder in the @MRFWorldwide Women's Rankings, up three places after\xe2\x80\xa6 https://t.co/rl5rnjUGRs""",139,TweetDeck,823,56
984766148553134080,2018-04-13 12:12:00,"b'With Smith, Warner and Bancroft missing, will India be favourites when they visit Australia next year? Simon Katich\xe2\x80\xa6 https://t.co/ZUrPxlmr7j'",140,TweetDeck,1066,44
984748043013517315,2018-04-13 11:00:03,"b""On @iamamirofficial's birthday, re-live one of his most important bowling spells for Pakistan, claiming the wickets\xe2\x80\xa6 https://t.co/NmTLiOLE53""",140,Media Studio,6544,1519
984737414773182464,2018-04-13 10:17:49,b'Top shots! \xf0\x9f\x93\xb8\n\nHave you seen the photos that were nominated for the MCC-Wisden Cricket Photograph of the Year?\xe2\x80\xa6 https://t.co/d5kX4waCp8',134,TweetDeck,1332,88
984717841822777344,2018-04-13 09:00:03,"b""With England's #CountyChampionship set to kick off today, do you know which South Africa star played for his sixth\xe2\x80\xa6 https://t.co/acJBReI2Wx""",139,TweetDeck,586,28
984704184263106560,2018-04-13 08:05:47,"b""India's @mandhana_smriti is up to a career-high fourth in the @MRFWorldwide Women's ODI Batting Rankings following\xe2\x80\xa6 https://t.co/zb0DcrEmqO""",139,TweetDeck,1241,113
984680332321472512,2018-04-13 06:31:00,"b'""He knows a lot about the game and he thinks a lot about the game.""\n\n@DavidMillerSA12 assesses @ashwinravi99\'s capt\xe2\x80\xa6 https://t.co/HGow2Q6iZJ'",140,TweetDeck,1138,51
984666497057345536,2018-04-13 05:36:01,"b'""Our team coach helped me a lot in becoming more consistent over the past four-five months,\xe2\x80\x9d says @mandhana_smriti,\xe2\x80\xa6 https://t.co/CA4se1D9du'",140,Twitter Web Client,781,45
984657432084451329,2018-04-13 05:00:00,b'95 Test wickets\n57 ODI wickets\n46 T20I wickets\n\nHappy birthday to Pakistan speedster @iamamirofficial! \n\nWhat has b\xe2\x80\xa6 https://t.co/ZvyUZ27HNm',140,TweetDeck,5971,594
984627233087045632,2018-04-13 03:00:00,"b""After India won the #INDvENG ODI series in Nagpur 2-1, here's the latest @MRFWorldwide ICC Women's Team Rankings! https://t.co/7XfIKkKefw""",137,TweetDeck,1144,78
984597036694515713,2018-04-13 01:00:01,"b""One of the fastest bowlers around, he's represented New Zealand in 40 ODIs and 19 T20Is, taking 62 wickets.\n\nHappy\xe2\x80\xa6 https://t.co/PP3gqJQvq8""",139,TweetDeck,1037,42
984567087212314625,2018-04-12 23:01:00,"b'""Humble, hardworking, and also very approachable"" -@Bazmccullum on how the @BLACKCAPS\' ethos is a representation of\xe2\x80\xa6 https://t.co/g0O8SR4yKq'",140,TweetDeck,622,46
984536638905872384,2018-04-12 21:00:01,"b""He hasn't played the format since 2016, but @KieronPollard55 hasn't given up hope of a return to the Windies ODI si\xe2\x80\xa6 https://t.co/WcIT4Fx4Y7""",140,TweetDeck,644,26
984506452919255040,2018-04-12 19:00:04,b'#OnThisDay in 2004 @BrianLara made a record 400* against England in Antigua - will his feat ever be matched? https://t.co/MVpOqwG47u',132,TweetDeck,1588,172
984476237308428288,2018-04-12 17:00:00,"b'Best remembered as an aggressive limited-overs all-rounder for West Indies, he also scored a 93-ball Test century o\xe2\x80\xa6 https://t.co/UpyCASnaVX'",140,TweetDeck,1751,74
984461145380503554,2018-04-12 16:00:02,b'Yesterday @rashidkhan_19 was the inaugural recipient of the title of leading T20 cricketer in the world in the\xe2\x80\xa6 https://t.co/v9ySKAsagu',135,TweetDeck,1039,57
984443463226871808,2018-04-12 14:49:46,"b'Despite never having won a Test series in Australia and only having five wins in 44 Tests there, Simon Katich has l\xe2\x80\xa6 https://t.co/SrUPZcMAUc'",140,TweetDeck,1613,77
984430949831147527,2018-04-12 14:00:02,"b'With the @CountyChamp set to start in England tomorrow, on #ThrowbackThursday we take a look back at some of the qu\xe2\x80\xa6 https://t.co/NgHRsGbn4n'",140,TweetDeck,345,21
984417099052445697,2018-04-12 13:05:00,"b""A brilliant 74* from @M_Raj03 today has taken her past @Lottie2323 to have the most 50+ scores in Women's ODIs!\xe2\x80\xa6 https://t.co/WvwbTzpeW4""",136,TweetDeck,933,90
984409788766408704,2018-04-12 12:35:57,b'Congratulations to the @ICCAcademy for winning the Silver Award for Sports Youth Organization of the Year at the 20\xe2\x80\xa6 https://t.co/8Rb1b9L04h',140,TweetDeck,361,24
984403122759053312,2018-04-12 12:09:28,b'#INDvENG series champions! \xf0\x9f\x8f\x86 https://t.co/IkGFiazNYX',52,TweetDeck,4330,389
984392492186587136,2018-04-12 11:27:13,"b""The Starc family celebration? \n\n@mstarc56's brother @Brandonstarc93 raised the bar with a high jump gold medal at t\xe2\x80\xa6 https://t.co/mdhU03qDrD""",140,TweetDeck,2181,275
984388860544241670,2018-04-12 11:12:48,"b'Record-breaking Raj helped India keep their unbeaten series record against England at home, an 8 wicket win in Nagp\xe2\x80\xa6 https://t.co/0CWUUNhkIZ'",140,TweetDeck,666,53
984377959921475584,2018-04-12 10:29:29,"b""How good has @mandhana_smriti been!? For 181 runs across 3 matches, she's been named the #INDvENG Player of the Ser\xe2\x80\xa6 https://t.co/tqYvYZBMET""",140,TweetDeck,1326,137
984376983210676225,2018-04-12 10:25:36,"b'For an all-round performance that helped India secure a series win, Deepti Sharma is the 3rd ODI Player of the Matc\xe2\x80\xa6 https://t.co/dHtT6mnBok'",140,TweetDeck,758,52
984373234425630720,2018-04-12 10:10:42,"b""Mithali Raj's record half-century seals the series for India!\n\nA brilliant 74* from the captain guides her side to\xe2\x80\xa6 https://t.co/2mVZgHUXI7""",139,TweetDeck,1000,99
984366699070873600,2018-04-12 09:44:44,"b""Congratulations to @M_Raj03 on making her 50th fifty in Women's ODIs! #INDvENG https://t.co/iGcbCvuytI""",102,TweetDeck,1758,187
984361753575337986,2018-04-12 09:25:05,"b'#OnThisDay in 1930, Wilfred Rhodes retired from Test cricket at the age of 52 years, 165 days - he had debuted all\xe2\x80\xa6 https://t.co/JfdytHVS7j'",139,TweetDeck,564,63
984354610444939265,2018-04-12 08:56:42,"b'25 overs into their chase, India are 105/2, needing 97 more runs to seal the series against England. Mithali Raj an\xe2\x80\xa6 https://t.co/VzttGDIdxq'",140,TweetDeck,553,26
984340712723398656,2018-04-12 08:01:28,"b'""The brand of New Zealand cricket is now starting to build up pretty strongly, not just in New Zealand but around t\xe2\x80\xa6 https://t.co/6M2q4ZhhIu'",140,Twitter Web Client,1007,61
984324139128246272,2018-04-12 06:55:37,b'A gutsy 94 by Amy Jones helps England post 201/9 in their 50 overs. \n\nCan India chase it down and secure the three-\xe2\x80\xa6 https://t.co/jxPJntTBLV',140,Twitter Web Client,685,28
984303210734043136,2018-04-12 05:32:27,"b""Quick strikes from Deepti Sharma and Poonam Yadav stall England's progress. After 30 overs, the visitors have reach\xe2\x80\xa6 https://t.co/38tMe9PHyw""",140,Twitter Web Client,463,18
984295046517108737,2018-04-12 05:00:01,"b'778 minutes. \n582 balls. \n43 fours.\n4 sixes. \n\n4\xef\xb8\x8f\xe2\x83\xa30\xef\xb8\x8f\xe2\x83\xa30\xef\xb8\x8f\xe2\x83\xa3 not out!\n\n#OnThisDay in 2004, @BrianLara reclaimed the rec\xe2\x80\xa6 https://t.co/8RxfGj26oW'",140,TweetDeck,3650,556
984288384779563008,2018-04-12 04:33:32,"b'""Whatever opportunity I get, I\xe2\x80\x99m happy"" - @westindies all-rounder Kieron Pollard is delighted his teammates could e\xe2\x80\xa6 https://t.co/gIdmcfSWDc'",140,Twitter Web Client,835,41
984269934095040512,2018-04-12 03:20:13,b'England have won the toss and elected to bat first in the all-important third WODI in Nagpur.\n\nWith the series lock\xe2\x80\xa6 https://t.co/zB13vtALjE',140,Twitter Web Client,901,40
984264851508772864,2018-04-12 03:00:02,"b""India's @M_Raj03 was yesterday named @WisdenAlmanack's leading female cricketer in the world!\xe2\x80\xa6 https://t.co/84BcoCVlIx""",118,TweetDeck,1933,191
984234648514461703,2018-04-12 01:00:01,"b'#OnThisDay in 1917, Vinoo Mankad was born. An India all-rounder, he reached the combo of 100 wickets/1000 runs in 2\xe2\x80\xa6 https://t.co/85Stjc7hPI'",140,TweetDeck,804,63
984204699103457280,2018-04-11 23:01:00,"b'Kane Richardson, Andrew Tye, Jhye Richardson, Marcus Stoinis and Alex Carey are the new names to receive Australia\xe2\x80\xa6 https://t.co/XQ06wVv39H'",139,TweetDeck,685,26
984174251669446657,2018-04-11 21:00:01,"b'Another T20I tri-series is coming your way, with Zimbabwe, Australia and Pakistan to battle it out in Harare in Jul\xe2\x80\xa6 https://t.co/Ps8qJ0RBkV'",140,TweetDeck,2463,240
984144051455737856,2018-04-11 19:00:01,"b""Who would make your cricket commentators XI? Here's one possible line-up...\n\nhttps://t.co/YmueXMlQdP https://t.co/WOffCtRrZO""",124,TweetDeck,361,15
984113864672329728,2018-04-11 17:00:03,"b'ICYMI, the 2018 Asia Cup is to be held in the UAE, not in India as originally planned.\n\nhttps://t.co/pNDhgKcFVc https://t.co/SKsGTGfgUr'",135,TweetDeck,1732,137
984102525711220736,2018-04-11 16:15:00,b'Top shots! \xf0\x9f\x93\xb8 Take a look at the photos that were in the running for the MCC-Wisden Photograph of the Year!\xe2\x80\xa6 https://t.co/Rl5zyolSgA',131,TweetDeck,1754,157
984091209764409345,2018-04-11 15:30:02,"b'Happy birthday to @Ian_Bell! \n\nAs he turns 36 today, take a look back at his highest score in an ICC competition, 9\xe2\x80\xa6 https://t.co/ncwyTgunXx'",140,Media Studio,975,44
984076108483227648,2018-04-11 14:30:02,"b""India's @imVkohli has been named the leading men's cricketer in the world in the latest edition of the\xe2\x80\xa6 https://t.co/Ud0iU17EmE""",127,TweetDeck,4920,643
984058485049516032,2018-04-11 13:20:00,"b""#OnThisDay in 2011 @ShaneRWatson33 made Australia's highest ODI score!\n\nWhich of their top five knocks was your fav\xe2\x80\xa6 https://t.co/xuBrk0l91I""",140,TweetDeck,870,56
984043937743691776,2018-04-11 12:22:12,"b'""I\xe2\x80\x99m in a good condition, I wouldn\xe2\x80\x99t say a hundred per cent, but I\xe2\x80\x99m happy.""\n\n@Russell12A on his recent comeback an\xe2\x80\xa6 https://t.co/74kORk31pL'",140,TweetDeck,1076,58
984028117554618371,2018-04-11 11:19:20,"b'Check out the winner, runners-up and shortlisted entries for the MCC-Wisden Cricket Photograph of the Year!\n\n\xf0\x9f\x93\xb8\xe2\x80\xa6 https://t.co/C8M1I7E5kt'",135,TweetDeck,1189,83
984014752786604034,2018-04-11 10:26:13,"b""Three of @englandcricket's Women's World Cup champions have been named as Wisden's cricketers of the year, with Ind\xe2\x80\xa6 https://t.co/EkEE3zEQPN""",140,TweetDeck,1001,68
984003793032531968,2018-04-11 09:42:40,b'\xf0\x9f\x8f\x86\xf0\x9f\xa4\xb3\xf0\x9f\x98\x84\xf0\x9f\x91\x8d\n\nThis fantastic snap of @KBrunt26 and the @englandcricket team after winning the @cricketworldcup  by\xe2\x80\xa6 https://t.co/ECfT2dvRvv',131,TweetDeck,719,35
983982190932393984,2018-04-11 08:16:50,b'Pakistan stars @babarazam258 and @RealHa55an have been awarded their caps for being named in the ICC ODI Team of th\xe2\x80\xa6 https://t.co/lNKSAf1o4U',140,Twitter for Android,4794,619
983981172937117696,2018-04-11 08:12:47,"b'RT @cricketworldcup: Congratulations to #WWC17 champions @Heatherknight55, @natsciver and @Anya_shrubsole who were named three of the five\xe2\x80\xa6'",139,TweetDeck,0,25
983970524693803008,2018-04-11 07:30:29,"b'How would a team of former players now behind the mic look like? \xf0\x9f\x8e\x99\xef\xb8\x8f\n\nFind out in the latest Elevens, where we look\xe2\x80\xa6 https://t.co/DirGsowggt'",139,Twitter Web Client,405,17
983962861159493633,2018-04-11 07:00:01,"b""He scored centuries against all eight nations he played in Tests, is England's record ODI run scorer and was Player\xe2\x80\xa6 https://t.co/GvW2mGhRKy""",140,TweetDeck,2051,99
983942777976381440,2018-04-11 05:40:13,"b'""This one year, it has made me a different person. I\xe2\x80\x99ve learnt how to be humble,"" says Andre Russell.\n\nHe might be\xe2\x80\xa6 https://t.co/YRoVCBMG95'",139,TweetDeck,1599,77
983902462225604608,2018-04-11 03:00:01,"b""96 balls.\n15 fours.\n15 sixes.\n185 runs! \n\n#OnThisDay in 2011, @ShaneRWatson33 smashed 185*, Australia's highest eve\xe2\x80\xa6 https://t.co/Dt5exiRmPf""",140,TweetDeck,2779,197
983882607812280320,2018-04-11 01:41:08,"b""Five new faces in Cricket Australia's 2018-19 national contract list! \xf0\x9f\x91\x8f\n\nFind out who they are! \xf0\x9f\x94\xbd\xe2\x80\xa6 https://t.co/sgU2un0lwI""",122,TweetDeck,839,27
983872267301113857,2018-04-11 01:00:02,"b""He's one of just two umpires to stand in 200+ ODIs and is best remembered for his eccentric signals including the '\xe2\x80\xa6 https://t.co/YPnQeAoOcc""",140,TweetDeck,6374,550
983842311082622976,2018-04-10 23:01:00,b'Australia quick Pat Cummins faces a battle to be ready for their tour to England in June after being sidelined due\xe2\x80\xa6 https://t.co/0quI2FkMhK',139,TweetDeck,445,15
983780908162428928,2018-04-10 18:57:00,"b""ICYMI, Yasir Shah is out of Pakistan's upcoming Tests against Ireland and England - who do you think they'll pick i\xe2\x80\xa6 https://t.co/pf2q8KyihN""",140,TweetDeck,931,52
983751464542760961,2018-04-10 17:00:01,"b""He's focused on limited-overs cricket for now, but @AlexHales1 hasn't ruled out a return to the red-ball game after\xe2\x80\xa6 https://t.co/ue0H4wdUr4""",140,TweetDeck,563,28
